url,http_status,final_url,redirect_hops,canonical,self_canonical,x_robots_tag,robots_meta,h1_count,indexable,title,meta_description
"https://southeastroofing.llc/commercial",200,"https://southeastroofing.llc/commercial",0,"https://southeastroofing.llc/commercial",yes,"none","none",1,yes,"Commercial Roofing Contractor in Mississippi | Southeast Roofing","Commercial roofing across South Mississippi: TPO; EPDM; PVC; modified bitumen; coatings; metal systems; and planned maintenance — engineered proposals; operations-first scheduling."
"https://southeastroofing.llc/commercial/request-consultation",200,"https://southeastroofing.llc/commercial/request-consultation",0,"https://southeastroofing.llc/commercial/request-consultation",yes,"none","none",1,yes,"Commercial Roofing Consultation in MS | Southeast Roofing","Request a commercial roofing consultation from Southeast Roofing — assessment; engineered proposal; and honest guidance for facilities across South Mississippi."
"https://southeastroofing.llc/residential",200,"https://southeastroofing.llc/residential",0,"https://southeastroofing.llc/residential",yes,"none","none",1,yes,"Residential Roofing in Hattiesburg; MS | Southeast Roofing","The full residential roofing lineup from Southeast Roofing: shingle and metal systems; replacement; repair; gutters; and ventilation — one local; GAF-certified team."
"https://southeastroofing.llc",200,"https://southeastroofing.llc/",0,"https://southeastroofing.llc",yes,"none","none",1,yes,"Southeast Roofing | Licensed Roofing Contractor in Hattiesburg; MS","Southeast Roofing is a licensed Mississippi roofing contractor serving Hattiesburg and surrounding communities. Residential; commercial; metal roofing; storm damage; financing; and free inspections."
"https://southeastroofing.llc/commercial/industries",200,"https://southeastroofing.llc/commercial/industries",0,"https://southeastroofing.llc/commercial/industries",yes,"none","none",1,yes,"Commercial Roofing by Industry in MS | Southeast Roofing","Commercial roofing tuned to your industry: schools; churches; apartments; industrial; warehouses; and municipal buildings across South Mississippi."
"https://southeastroofing.llc/storm-damage",200,"https://southeastroofing.llc/storm-damage",0,"https://southeastroofing.llc/storm-damage",yes,"none","none",1,yes,"Storm Damage Roof Repair in Mississippi | Southeast Roofing","Hail; wind; hurricane; and tree damage — Southeast Roofing documents it; tarps it; helps with the insurance claim; and restores the roof. Hattiesburg-based; region-wide."
"https://southeastroofing.llc/metal-roofing",200,"https://southeastroofing.llc/metal-roofing",0,"https://southeastroofing.llc/metal-roofing",yes,"none","none",1,yes,"Metal Roofing in Hattiesburg; MS | Southeast Roofing","Metal roofing for homes and commercial buildings across South Mississippi — standing seam; panel systems; honest metal-vs-shingle guidance; and free estimates."
"https://southeastroofing.llc/financing",200,"https://southeastroofing.llc/financing",0,"https://southeastroofing.llc/financing",yes,"none","none",1,yes,"Roof Financing in Mississippi | Southeast Roofing","Finance your roof through our partner GoodLeap — apply online in minutes and decide with real numbers in hand. Free estimates from Southeast Roofing first."
"https://southeastroofing.llc/free-inspection",200,"https://southeastroofing.llc/free-inspection",0,"https://southeastroofing.llc/free-inspection",yes,"none","none",1,yes,"Free Roof Inspection in Hattiesburg; MS | Southeast Roofing","Schedule a free; no-obligation roof inspection anywhere in South Mississippi. Photo documentation; straight answers; and an itemized digital proposal — from a local; GAF-certified team."
"https://southeastroofing.llc/contact",200,"https://southeastroofing.llc/contact",0,"https://southeastroofing.llc/contact",yes,"none","none",1,yes,"Contact Our Hattiesburg; MS Roofers | Southeast Roofing","Reach Southeast Roofing in Hattiesburg: call; email; or send the form and we&#x27;ll get back to you fast. Serving all of South Mississippi."
"https://southeastroofing.llc/reviews",200,"https://southeastroofing.llc/reviews",0,"https://southeastroofing.llc/reviews",yes,"none","none",1,yes,"Roofing Reviews in Hattiesburg; MS | Southeast Roofing","Real 5-star Google reviews from Southeast Roofing customers; quoted verbatim and verifiable at the source — plus our GAF certification and BBB A rating."
"https://southeastroofing.llc/service-areas",200,"https://southeastroofing.llc/service-areas",0,"https://southeastroofing.llc/service-areas",yes,"none","none",1,yes,"Roofing Service Areas in South Mississippi | Southeast Roofing","Southeast Roofing serves Mississippi within about two hours of Hattiesburg — the Pine Belt; the Gulf Coast; Jackson; and Meridian. Find your community."
"https://southeastroofing.llc/projects",200,"https://southeastroofing.llc/projects",0,"https://southeastroofing.llc/projects",yes,"none","none",1,yes,"Roofing Projects in South Mississippi | Southeast Roofing","Browse 61+ completed Southeast Roofing roofs across 23 South Mississippi communities — filter by city; product line; and color — plus real storm-damage documentation. No stock photos."
"https://southeastroofing.llc/terms-of-service",200,"https://southeastroofing.llc/terms-of-service",0,"https://southeastroofing.llc/terms-of-service",yes,"none","none",1,yes,"Terms of Service | Southeast Roofing","The terms that govern your use of southeastroofing.llc; the website of Southeast Roofing LLC in Hattiesburg; Mississippi."
"https://southeastroofing.llc/careers",200,"https://southeastroofing.llc/careers",0,"https://southeastroofing.llc/careers",yes,"none","none",1,yes,"Roofing Careers in Hattiesburg; MS | Southeast Roofing","Southeast Roofing is always interested in meeting skilled roofers; project consultants; and office talent in South Mississippi. Introduce yourself."
"https://southeastroofing.llc/blog",200,"https://southeastroofing.llc/blog",0,"https://southeastroofing.llc/blog",yes,"none","none",1,yes,"Roofing Blog &amp; Company News | Southeast Roofing","News and updates from Southeast Roofing — storm response notes; project stories; and company announcements from South Mississippi."
"https://southeastroofing.llc/learn",200,"https://southeastroofing.llc/learn",0,"https://southeastroofing.llc/learn",yes,"none","none",1,yes,"Roofing Guides &amp; Learning Center | Southeast Roofing","Plain-English roofing guides from a Mississippi contractor: shingles and materials; insurance claims; storm prep; metal roofing; maintenance; and honest cost guides. Filter and search by topic."
"https://southeastroofing.llc/storm-center",200,"https://southeastroofing.llc/storm-center",0,"https://southeastroofing.llc/storm-center",yes,"none","none",1,yes,"Storm Center: Alerts &amp; Roof Help in MS | Southeast Roofing","Live Mississippi weather alerts; the first-hours storm damage checklist; real damage identification photos; and how insurance claims work — from South Mississippi&#x27;s storm roofers."
"https://southeastroofing.llc/roof-cost-calculator",200,"https://southeastroofing.llc/roof-cost-calculator",0,"https://southeastroofing.llc/roof-cost-calculator",yes,"none","none",1,yes,"Roof Cost Calculator in Mississippi | Southeast Roofing","Estimate a roof replacement cost range in South Mississippi by material; home size; and pitch. Free; instant; no email required — then get an exact price with a free inspection."
"https://southeastroofing.llc/quote",200,"https://southeastroofing.llc/quote",0,"https://southeastroofing.llc/quote",yes,"none","none",1,yes,"Instant Roof Estimate in Hattiesburg; MS | Southeast Roofing","Answer six quick questions and get a real; itemized roofing quote from a Mississippi-licensed contractor — residential or commercial; no spam; no pressure."
"https://southeastroofing.llc/privacy-policy",200,"https://southeastroofing.llc/privacy-policy",0,"https://southeastroofing.llc/privacy-policy",yes,"none","none",1,yes,"Privacy Policy | Southeast Roofing","How Southeast Roofing LLC collects; uses; and protects the information you share with us through southeastroofing.llc."
"https://southeastroofing.llc/about",200,"https://southeastroofing.llc/about",0,"https://southeastroofing.llc/about",yes,"none","none",1,yes,"About Southeast Roofing | Hattiesburg; MS Roofing Contractor","Southeast Roofing is a Hattiesburg-based; Mississippi-licensed roofing contractor serving South Mississippi — every roof system; residential and commercial; insurance and retail; done right."
"https://southeastroofing.llc/anatomy-of-a-roof",200,"https://southeastroofing.llc/anatomy-of-a-roof",0,"https://southeastroofing.llc/anatomy-of-a-roof",yes,"none","none",1,yes,"Anatomy of a Roof: Parts Explained | Southeast Roofing","An interactive roof diagram from Southeast Roofing: click each part of a roof system — decking; underlayment; ice &amp; water shield; flashing; ridge vent; and more — to learn what it is; why it matters; and what goes wrong when it&#x27;s done badly."
"https://southeastroofing.llc/roof-color-visualizer",200,"https://southeastroofing.llc/roof-color-visualizer",0,"https://southeastroofing.llc/roof-color-visualizer",yes,"none","none",1,yes,"Roof Color Visualizer in Mississippi | Southeast Roofing","Preview shingle and metal roof colors — GAF Timberline HDZ; Owens Corning Duration; and more — and see real Southeast Roofing roofs in those colors across South Mississippi."
"https://southeastroofing.llc/project-map",200,"https://southeastroofing.llc/project-map",0,"https://southeastroofing.llc/project-map",yes,"none","none",1,yes,"Roofing Project Map in South Mississippi | Southeast Roofing","See where Southeast Roofing has completed roofs across South Mississippi. Tap a pin on the map to view real jobs by city; product; and color — from Hattiesburg to the Gulf Coast."
"https://southeastroofing.llc/storm-damage/insurance-claims/wizard",200,"https://southeastroofing.llc/storm-damage/insurance-claims/wizard",0,"https://southeastroofing.llc/storm-damage/insurance-claims/wizard",yes,"none","none",1,yes,"Roof Insurance Claim Help in MS | Southeast Roofing","Not sure what to do after storm damage? Answer a few questions and Southeast Roofing will point you to the right next step — emergency help; a free inspection before filing; or claim support — with honest; plain-English guidance."
"https://southeastroofing.llc/roof-damage-analyzer",200,"https://southeastroofing.llc/roof-damage-analyzer",0,"https://southeastroofing.llc/roof-damage-analyzer",yes,"none","none",1,yes,"AI Roof Damage Analyzer in Mississippi | Southeast Roofing","See roof damage and not sure how bad it is? Upload photos; tell us what you&#x27;re seeing; and get a preliminary read plus a free inspection from Southeast Roofing. Storm and insurance-ready."
"https://southeastroofing.llc/roof-assistant",200,"https://southeastroofing.llc/roof-assistant",0,"https://southeastroofing.llc/roof-assistant",yes,"none","none",1,yes,"AI Roof Assistant in Mississippi | Southeast Roofing","Tell the Southeast Roofing assistant what&#x27;s going on — leak; storm damage; replacement; insurance; and more — and get pointed to the right next step in seconds. Free; no obligation."
"https://southeastroofing.llc/residential/roof-replacement",200,"https://southeastroofing.llc/residential/roof-replacement",0,"https://southeastroofing.llc/residential/roof-replacement",yes,"none","none",1,yes,"Roof Replacement in Hattiesburg; MS | Southeast Roofing","Full residential roof replacement; done in as little as one to two days once materials arrive. Free inspection; honest recommendation; clean job site — Southeast Roofing."
"https://southeastroofing.llc/residential/asphalt-shingle-roofing",200,"https://southeastroofing.llc/residential/asphalt-shingle-roofing",0,"https://southeastroofing.llc/residential/asphalt-shingle-roofing",yes,"none","none",1,yes,"GAF Shingle Roofing in Mississippi | Southeast Roofing","GAF-certified asphalt shingle roofing across South Mississippi. Architectural shingles installed to manufacturer spec — with straight answers on brands; colors; and cost."
"https://southeastroofing.llc/residential/gutters",200,"https://southeastroofing.llc/residential/gutters",0,"https://southeastroofing.llc/residential/gutters",yes,"none","none",1,yes,"Seamless Gutters in Hattiesburg; MS | Southeast Roofing","Seamless gutters custom-formed on site and sized for South Mississippi rainfall — installation; replacement; and repair from Southeast Roofing in Hattiesburg."
"https://southeastroofing.llc/residential/roof-repair",200,"https://southeastroofing.llc/residential/roof-repair",0,"https://southeastroofing.llc/residential/roof-repair",yes,"none","none",1,yes,"Roof Repair in Hattiesburg; MS | Southeast Roofing","Roof leak and storm damage repair across South Mississippi. We find the real source; fix it right; and tell you honestly when a repair is all you need."
"https://southeastroofing.llc/residential/ventilation",200,"https://southeastroofing.llc/residential/ventilation",0,"https://southeastroofing.llc/residential/ventilation",yes,"none","none",1,yes,"Roof &amp; Attic Ventilation in Hattiesburg | Southeast Roofing","Attic ventilation for the South Mississippi climate — ridge vents; intake; and airflow balancing that extend shingle life and take load off your AC."
"https://southeastroofing.llc/residential/leaf-guard",200,"https://southeastroofing.llc/residential/leaf-guard",0,"https://southeastroofing.llc/residential/leaf-guard",yes,"none","none",1,yes,"Leaf Guard &amp; Gutter Protection in MS | Southeast Roofing","Leaf guard systems for South Mississippi homes — stop pine straw and leaves from clogging your gutters; and retire the ladder for good."
"https://southeastroofing.llc/residential/fascia",200,"https://southeastroofing.llc/residential/fascia",0,"https://southeastroofing.llc/residential/fascia",yes,"none","none",1,yes,"Fascia Repair &amp; Replacement in MS | Southeast Roofing","Fascia repair and replacement in South Mississippi — fix the rotted boards at your roof edge and cap them so the problem never comes back."
"https://southeastroofing.llc/residential/soffit",200,"https://southeastroofing.llc/residential/soffit",0,"https://southeastroofing.llc/residential/soffit",yes,"none","none",1,yes,"Soffit Repair &amp; Replacement in MS | Southeast Roofing","Soffit repair and replacement in South Mississippi — vented panels that feed your attic airflow and close the overhang to pests and moisture."
"https://southeastroofing.llc/residential/metal-roofing",200,"https://southeastroofing.llc/residential/metal-roofing",0,"https://southeastroofing.llc/residential/metal-roofing",yes,"none","none",1,yes,"Residential Metal Roofing in Hattiesburg | Southeast Roofing","Standing seam and exposed-fastener metal roofing for South Mississippi homes; in 26 and 29 gauge. Honest guidance on styles; value; and insurance considerations."
"https://southeastroofing.llc/commercial/tpo",200,"https://southeastroofing.llc/commercial/tpo",0,"https://southeastroofing.llc/commercial/tpo",yes,"none","none",1,yes,"TPO Commercial Roofing in Mississippi | Southeast Roofing","TPO single-ply roofing for South Mississippi facilities — heat-welded seams; reflective white membrane; and installation scheduled around your operations."
"https://southeastroofing.llc/residential/metal-roofing/standing-seam",200,"https://southeastroofing.llc/residential/metal-roofing/standing-seam",0,"https://southeastroofing.llc/residential/metal-roofing/standing-seam",yes,"none","none",1,yes,"Standing Seam Roofing for Homes | Southeast Roofing","Concealed-fastener standing seam metal roofing for South Mississippi homes — clean lines; decades of life; and serious storm performance. Southeast Roofing; Hattiesburg."
"https://southeastroofing.llc/residential/metal-roofing/exposed-fastener",200,"https://southeastroofing.llc/residential/metal-roofing/exposed-fastener",0,"https://southeastroofing.llc/residential/metal-roofing/exposed-fastener",yes,"none","none",1,yes,"Exposed-Fastener Metal Roofing | Southeast Roofing","Cost-effective exposed-fastener metal roofing for South Mississippi homes; shops; and barns — honest guidance on where it shines and what to expect long-term."
"https://southeastroofing.llc/commercial/epdm",200,"https://southeastroofing.llc/commercial/epdm",0,"https://southeastroofing.llc/commercial/epdm",yes,"none","none",1,yes,"EPDM Commercial Roofing in Mississippi | Southeast Roofing","EPDM rubber-membrane roofing for South Mississippi facilities — a half-century track record; simple detailing; and dependable performance in heat and storms."
"https://southeastroofing.llc/commercial/modified-bitumen",200,"https://southeastroofing.llc/commercial/modified-bitumen",0,"https://southeastroofing.llc/commercial/modified-bitumen",yes,"none","none",1,yes,"Modified Bitumen Roofing in Mississippi | Southeast Roofing","Modified bitumen roofing for South Mississippi commercial buildings — multi-ply asphalt redundancy; foot-traffic durability; and proven storm performance."
"https://southeastroofing.llc/commercial/roof-coatings",200,"https://southeastroofing.llc/commercial/roof-coatings",0,"https://southeastroofing.llc/commercial/roof-coatings",yes,"none","none",1,yes,"Commercial Roof Coatings in Mississippi | Southeast Roofing","Silicone and acrylic roof coatings across South Mississippi — restore a sound commercial roof for a fraction of replacement cost; with no tear-off and no downtime."
"https://southeastroofing.llc/commercial/roof-maintenance",200,"https://southeastroofing.llc/commercial/roof-maintenance",0,"https://southeastroofing.llc/commercial/roof-maintenance",yes,"none","none",1,yes,"Commercial Roof Maintenance in MS | Southeast Roofing","Planned commercial roof maintenance across South Mississippi — scheduled inspections; documentation; and small fixes that prevent five-figure surprises."
"https://southeastroofing.llc/commercial/roof-replacement",200,"https://southeastroofing.llc/commercial/roof-replacement",0,"https://southeastroofing.llc/commercial/roof-replacement",yes,"none","none",1,yes,"Commercial Roof Replacement in MS | Southeast Roofing","Commercial roof replacement across South Mississippi — engineered specs; itemized proposals; and installation phased around your operations."
"https://southeastroofing.llc/commercial/pvc",200,"https://southeastroofing.llc/commercial/pvc",0,"https://southeastroofing.llc/commercial/pvc",yes,"none","none",1,yes,"PVC Commercial Roofing in Mississippi | Southeast Roofing","PVC single-ply roofing for South Mississippi — hot-welded seams and standout resistance to grease and chemicals; ideal for restaurants and food service."
"https://southeastroofing.llc/commercial/roof-repair",200,"https://southeastroofing.llc/commercial/roof-repair",0,"https://southeastroofing.llc/commercial/roof-repair",yes,"none","none",1,yes,"Commercial Roof Repair in Mississippi | Southeast Roofing","Commercial roof leak response across South Mississippi — membrane-matched repairs; documented causes; and fixes that respect your operations."
"https://southeastroofing.llc/commercial/metal-roofing",200,"https://southeastroofing.llc/commercial/metal-roofing",0,"https://southeastroofing.llc/commercial/metal-roofing",yes,"none","none",1,yes,"Commercial Metal Roofing in Mississippi | Southeast Roofing","Commercial metal roofing across South Mississippi — architectural standing seam; R-panel and PBR systems; and structural metal for facilities; warehouses; and ag buildings."
"https://southeastroofing.llc/commercial/metal-roofing/standing-seam",200,"https://southeastroofing.llc/commercial/metal-roofing/standing-seam",0,"https://southeastroofing.llc/commercial/metal-roofing/standing-seam",yes,"none","none",1,yes,"Standing Seam Metal Roofing in MS | Southeast Roofing","Architectural standing seam metal roofing for South Mississippi commercial buildings — concealed fasteners; low-slope capability; and decades of service."
"https://southeastroofing.llc/commercial/metal-roofing/structural-metal",200,"https://southeastroofing.llc/commercial/metal-roofing/structural-metal",0,"https://southeastroofing.llc/commercial/metal-roofing/structural-metal",yes,"none","none",1,yes,"Structural Metal Roofing in Mississippi | Southeast Roofing","Structural metal roof systems for South Mississippi — panels engineered to span open framing on pre-engineered buildings; warehouses; and industrial structures."
"https://southeastroofing.llc/commercial/metal-roofing/pbr-panel",200,"https://southeastroofing.llc/commercial/metal-roofing/pbr-panel",0,"https://southeastroofing.llc/commercial/metal-roofing/pbr-panel",yes,"none","none",1,yes,"PBR Panel Metal Roofing in Mississippi | Southeast Roofing","PBR panel roofing for South Mississippi metal buildings — purlin-bearing strength for pre-engineered structures; shops; and warehouses."
"https://southeastroofing.llc/commercial/industries/schools",200,"https://southeastroofing.llc/commercial/industries/schools",0,"https://southeastroofing.llc/commercial/industries/schools",yes,"none","none",1,yes,"School Roofing in Mississippi | Southeast Roofing","School roofing across South Mississippi — summer-window scheduling; campus safety protocols; and documentation built for board approval."
"https://southeastroofing.llc/commercial/metal-roofing/r-panel",200,"https://southeastroofing.llc/commercial/metal-roofing/r-panel",0,"https://southeastroofing.llc/commercial/metal-roofing/r-panel",yes,"none","none",1,yes,"R-Panel Metal Roofing in Mississippi | Southeast Roofing","R-panel metal roofing for South Mississippi shops; warehouses; and ag buildings — economical exposed-fastener panels installed to spec."
"https://southeastroofing.llc/commercial/industries/churches",200,"https://southeastroofing.llc/commercial/industries/churches",0,"https://southeastroofing.llc/commercial/industries/churches",yes,"none","none",1,yes,"Church Roofing in Mississippi | Southeast Roofing","Church roofing across South Mississippi — steep sanctuary slopes; architectural features; congregation budgets; and Sunday-safe scheduling."
"https://southeastroofing.llc/commercial/industries/industrial",200,"https://southeastroofing.llc/commercial/industries/industrial",0,"https://southeastroofing.llc/commercial/industries/industrial",yes,"none","none",1,yes,"Industrial Roofing in Mississippi | Southeast Roofing","Industrial roofing across South Mississippi — large spans; production continuity; safety compliance; and systems that stand up to process environments."
"https://southeastroofing.llc/commercial/industries/warehouses",200,"https://southeastroofing.llc/commercial/industries/warehouses",0,"https://southeastroofing.llc/commercial/industries/warehouses",yes,"none","none",1,yes,"Warehouse Roofing in Mississippi | Southeast Roofing","Warehouse roofing across South Mississippi — huge flat spans; inventory protection; and economics engineered for cost per square foot."
"https://southeastroofing.llc/storm-damage/insurance-claims",200,"https://southeastroofing.llc/storm-damage/insurance-claims",0,"https://southeastroofing.llc/storm-damage/insurance-claims",yes,"none","none",1,yes,"Insurance Roof Claims in Mississippi | Southeast Roofing","Storm-damage insurance claims without the confusion: thorough documentation; adjuster meetings; and factual guidance from a local Hattiesburg roofing contractor."
"https://southeastroofing.llc/commercial/industries/apartments",200,"https://southeastroofing.llc/commercial/industries/apartments",0,"https://southeastroofing.llc/commercial/industries/apartments",yes,"none","none",1,yes,"Apartment &amp; Multifamily Roofing in MS | Southeast Roofing","Multifamily roofing across South Mississippi — tenant-aware scheduling; phased buildings; and documentation property managers can forward upstairs."
"https://southeastroofing.llc/storm-damage/emergency-roofing",200,"https://southeastroofing.llc/storm-damage/emergency-roofing",0,"https://southeastroofing.llc/storm-damage/emergency-roofing",yes,"none","none",1,yes,"Emergency Roof Repair in Mississippi | Southeast Roofing","Roof leaking now? Southeast Roofing responds fast across South Mississippi with emergency tarping and mitigation — then a documented path to the permanent fix."
"https://southeastroofing.llc/service-areas/hattiesburg",200,"https://southeastroofing.llc/service-areas/hattiesburg",0,"https://southeastroofing.llc/service-areas/hattiesburg",yes,"none","none",1,yes,"Roofing Contractor in Hattiesburg; MS | Southeast Roofing","Hattiesburg&#x27;s hometown roofer: GAF-certified shingle; metal; and commercial roofing from our office on US-98. Free inspections across the Hub City."
"https://southeastroofing.llc/commercial/industries/municipal",200,"https://southeastroofing.llc/commercial/industries/municipal",0,"https://southeastroofing.llc/commercial/industries/municipal",yes,"none","none",1,yes,"Municipal &amp; Government Roofing in MS | Southeast Roofing","Municipal roofing across South Mississippi — public-accountability documentation; procurement-ready proposals; and continuity for essential services."
"https://southeastroofing.llc/service-areas/petal",200,"https://southeastroofing.llc/service-areas/petal",0,"https://southeastroofing.llc/service-areas/petal",yes,"none","none",1,yes,"Roofing Contractor in Petal; MS | Southeast Roofing","Roof replacement; repair; and storm response in Petal; MS — ten minutes from our Hattiesburg office; with completed Petal projects to show for it."
"https://southeastroofing.llc/service-areas/laurel",200,"https://southeastroofing.llc/service-areas/laurel",0,"https://southeastroofing.llc/service-areas/laurel",yes,"none","none",1,yes,"Roofing Contractor in Laurel; MS | Southeast Roofing","Roofing for the City Beautiful: replacements; repairs; and storm response in Laurel; MS from a GAF-certified Pine Belt contractor 30 minutes away."
"https://southeastroofing.llc/service-areas/brookhaven",200,"https://southeastroofing.llc/service-areas/brookhaven",0,"https://southeastroofing.llc/service-areas/brookhaven",yes,"none","none",1,yes,"Roofing Contractor in Brookhaven; MS | Southeast Roofing","Roofing for the Home Seeker&#x27;s Paradise — replacement; repair; and storm response in Brookhaven; MS from a GAF-certified Mississippi contractor."
"https://southeastroofing.llc/service-areas/gulfport",200,"https://southeastroofing.llc/service-areas/gulfport",0,"https://southeastroofing.llc/service-areas/gulfport",yes,"none","none",1,yes,"Roofing Contractor in Gulfport; MS | Southeast Roofing","Coast-grade roofing in Gulfport; MS: hurricane-season expertise; salt-air-aware inspections; and completed Gulfport projects from a GAF-certified contractor."
"https://southeastroofing.llc/service-areas/biloxi",200,"https://southeastroofing.llc/service-areas/biloxi",0,"https://southeastroofing.llc/service-areas/biloxi",yes,"none","none",1,yes,"Roofing Contractor in Biloxi; MS | Southeast Roofing","Roof replacement; repair; and hurricane response in Biloxi; MS — from Back Bay to Woolmarket; with completed Biloxi projects from a GAF-certified contractor."
"https://southeastroofing.llc/service-areas/picayune",200,"https://southeastroofing.llc/service-areas/picayune",0,"https://southeastroofing.llc/service-areas/picayune",yes,"none","none",1,yes,"Roofing Contractor in Picayune; MS | Southeast Roofing","Roof replacement and repair in Picayune; MS — Pearl River County&#x27;s hurricane corridor; served by a GAF-certified contractor with completed Picayune projects."
"https://southeastroofing.llc/service-areas/mccomb",200,"https://southeastroofing.llc/service-areas/mccomb",0,"https://southeastroofing.llc/service-areas/mccomb",yes,"none","none",1,yes,"Roofing Contractor in McComb; MS | Southeast Roofing","Roof replacement; repair; and storm response in McComb; MS — the Camellia City; served by a GAF-certified Mississippi contractor with itemized proposals."
"https://southeastroofing.llc/service-areas/jackson",200,"https://southeastroofing.llc/service-areas/jackson",0,"https://southeastroofing.llc/service-areas/jackson",yes,"none","none",1,yes,"Roofing Contractor in Jackson; MS | Southeast Roofing","Roof replacement and repair in Jackson; MS — from Fondren to Northeast Jackson; documentation-first roofing from a GAF-certified contractor."
"https://southeastroofing.llc/service-areas/purvis",200,"https://southeastroofing.llc/service-areas/purvis",0,"https://southeastroofing.llc/service-areas/purvis",yes,"none","none",1,yes,"Roofing Contractor in Purvis; MS | Southeast Roofing","Roof replacement and repair in Purvis; MS — the Lamar County seat; twenty minutes from our Hattiesburg office; with completed Purvis projects in our gallery."
"https://southeastroofing.llc/service-areas/meridian",200,"https://southeastroofing.llc/service-areas/meridian",0,"https://southeastroofing.llc/service-areas/meridian",yes,"none","none",1,yes,"Roofing Contractor in Meridian; MS | Southeast Roofing","Roof replacement and repair in Meridian; MS — the Queen City&#x27;s historic homes and modern neighborhoods; served in dedicated East Mississippi scheduling blocks."
"https://southeastroofing.llc/service-areas/sumrall",200,"https://southeastroofing.llc/service-areas/sumrall",0,"https://southeastroofing.llc/service-areas/sumrall",yes,"none","none",1,yes,"Roofing Contractor in Sumrall; MS | Southeast Roofing","Roof replacement and repair in Sumrall; MS — Longleaf Trace country; twenty-five minutes from Hattiesburg; with fast Lamar County scheduling."
"https://southeastroofing.llc/service-areas/seminary",200,"https://southeastroofing.llc/service-areas/seminary",0,"https://southeastroofing.llc/service-areas/seminary",yes,"none","none",1,yes,"Roofing Contractor in Seminary; MS | Southeast Roofing","Roof replacement and repair in Seminary; MS — Okatoma country on the Highway 49 corridor; served from Hattiesburg with itemized proposals and honest inspections."
"https://southeastroofing.llc/service-areas/collins",200,"https://southeastroofing.llc/service-areas/collins",0,"https://southeastroofing.llc/service-areas/collins",yes,"none","none",1,yes,"Roofing Contractor in Collins; MS | Southeast Roofing","Roof replacement and repair in Collins; MS — the Covington County seat on Highway 49; served from Hattiesburg with free inspections and itemized proposals."
"https://southeastroofing.llc/service-areas/richton",200,"https://southeastroofing.llc/service-areas/richton",0,"https://southeastroofing.llc/service-areas/richton",yes,"none","none",1,yes,"Roofing Contractor in Richton; MS | Southeast Roofing","Roof replacement and repair in Richton; MS — Perry County timber country; thirty-five minutes east of Hattiesburg with honest inspections and metal expertise."
"https://southeastroofing.llc/service-areas/columbia",200,"https://southeastroofing.llc/service-areas/columbia",0,"https://southeastroofing.llc/service-areas/columbia",yes,"none","none",1,yes,"Roofing Contractor in Columbia; MS | Southeast Roofing","Roof replacement and repair in Columbia; MS — the historic Marion County seat on the Pearl River; an easy Highway 98 run from our Hattiesburg office."
"https://southeastroofing.llc/service-areas/ellisville",200,"https://southeastroofing.llc/service-areas/ellisville",0,"https://southeastroofing.llc/service-areas/ellisville",yes,"none","none",1,yes,"Roofing Contractor in Ellisville; MS | Southeast Roofing","Roof replacement and repair in Ellisville; MS — Jones College&#x27;s hometown; twenty-five minutes up I-59 from our Hattiesburg office."
"https://southeastroofing.llc/service-areas/poplarville",200,"https://southeastroofing.llc/service-areas/poplarville",0,"https://southeastroofing.llc/service-areas/poplarville",yes,"none","none",1,yes,"Roofing Contractor in Poplarville; MS | Southeast Roofing","Roof replacement and repair in Poplarville; MS — the Blueberry Capital and Pearl River County seat; with completed Poplarville projects in our gallery."
"https://southeastroofing.llc/service-areas/ocean-springs",200,"https://southeastroofing.llc/service-areas/ocean-springs",0,"https://southeastroofing.llc/service-areas/ocean-springs",yes,"none","none",1,yes,"Roofing Contractor in Ocean Springs; MS | Southeast Roofing","Roof replacement and repair in Ocean Springs; MS — the Coast&#x27;s arts town of live oaks and historic cottages; roofed to coastal wind standards."
"https://southeastroofing.llc/service-areas/wiggins",200,"https://southeastroofing.llc/service-areas/wiggins",0,"https://southeastroofing.llc/service-areas/wiggins",yes,"none","none",1,yes,"Roofing Contractor in Wiggins; MS | Southeast Roofing","Roof replacement and repair in Wiggins; MS — the Stone County seat between the Pine Belt and the Coast; served from Hattiesburg down Highway 49."
"https://southeastroofing.llc/service-areas/lucedale",200,"https://southeastroofing.llc/service-areas/lucedale",0,"https://southeastroofing.llc/service-areas/lucedale",yes,"none","none",1,yes,"Roofing Contractor in Lucedale; MS | Southeast Roofing","Roof replacement and repair in Lucedale; MS — the George County seat in Mississippi&#x27;s agricultural southeast; served from Hattiesburg on Highway 98."
"https://southeastroofing.llc/service-areas/mchenry",200,"https://southeastroofing.llc/service-areas/mchenry",0,"https://southeastroofing.llc/service-areas/mchenry",yes,"none","none",1,yes,"Roofing Contractor in McHenry; MS | Southeast Roofing","Roof replacement and repair in McHenry; MS — the Stone County community on Highway 49; forty-five minutes from our Hattiesburg office."
"https://southeastroofing.llc/service-areas/kiln",200,"https://southeastroofing.llc/service-areas/kiln",0,"https://southeastroofing.llc/service-areas/kiln",yes,"none","none",1,yes,"Roofing Contractor in Kiln; MS | Southeast Roofing","Roof replacement and repair in Kiln; MS — Jourdan River country in Hancock County; served by a MSBOC-licensed; GAF-certified contractor from Hattiesburg."
"https://southeastroofing.llc/service-areas/diamondhead",200,"https://southeastroofing.llc/service-areas/diamondhead",0,"https://southeastroofing.llc/service-areas/diamondhead",yes,"none","none",1,yes,"Roofing Contractor in Diamondhead; MS | Southeast Roofing","Roof replacement and repair in Diamondhead; MS — the planned community on the Bay of St. Louis; served by a GAF-certified contractor with itemized proposals."
"https://southeastroofing.llc/service-areas/saucier",200,"https://southeastroofing.llc/service-areas/saucier",0,"https://southeastroofing.llc/service-areas/saucier",yes,"none","none",1,yes,"Roofing Contractor in Saucier; MS | Southeast Roofing","Roof replacement and repair in Saucier; MS — Harrison County&#x27;s country side; between De Soto National Forest and the Coast; served from Hattiesburg."
"https://southeastroofing.llc/service-areas/bay-st-louis",200,"https://southeastroofing.llc/service-areas/bay-st-louis",0,"https://southeastroofing.llc/service-areas/bay-st-louis",yes,"none","none",1,yes,"Roofing Contractor in Bay St. Louis; MS | Southeast Roofing","Roof replacement and repair in Bay St. Louis; MS — Old Town cottages to bayfront homes; from a MSBOC-licensed contractor that takes Hancock County wind seriously."
"https://southeastroofing.llc/service-areas/long-beach",200,"https://southeastroofing.llc/service-areas/long-beach",0,"https://southeastroofing.llc/service-areas/long-beach",yes,"none","none",1,yes,"Roofing Contractor in Long Beach; MS | Southeast Roofing","Roof replacement and repair in Long Beach; MS — the Friendly City&#x27;s neighborhoods from the beach to the college; roofed to coastal wind standards."
"https://southeastroofing.llc/service-areas/d-iberville",200,"https://southeastroofing.llc/service-areas/d-iberville",0,"https://southeastroofing.llc/service-areas/d-iberville",yes,"none","none",1,yes,"Roofing Contractor in D&#x27;Iberville; MS | Southeast Roofing","Roof replacement and repair in D&#x27;Iberville; MS — the Back Bay city at I-10 and I-110; residential and commercial roofing from a GAF-certified contractor."
"https://southeastroofing.llc/service-areas/pass-christian",200,"https://southeastroofing.llc/service-areas/pass-christian",0,"https://southeastroofing.llc/service-areas/pass-christian",yes,"none","none",1,yes,"Roofing Contractor in Pass Christian; MS | Southeast Roofing","Roof replacement and repair in Pass Christian; MS — Scenic Drive to the harbor; built to the wind standard a town that survived Camille and Katrina demands."
"https://southeastroofing.llc/service-areas/moss-point",200,"https://southeastroofing.llc/service-areas/moss-point",0,"https://southeastroofing.llc/service-areas/moss-point",yes,"none","none",1,yes,"Roofing Contractor in Moss Point; MS | Southeast Roofing","Roof replacement and repair in Moss Point; MS — the River City on the Pascagoula and Escatawpa; roofed for Jackson County wind; rain; and river humidity."
"https://southeastroofing.llc/service-areas/waynesboro",200,"https://southeastroofing.llc/service-areas/waynesboro",0,"https://southeastroofing.llc/service-areas/waynesboro",yes,"none","none",1,yes,"Roofing Contractor in Waynesboro; MS | Southeast Roofing","Roof replacement; repair; and storm response in Waynesboro; MS — GAF-certified roofing for Wayne County; an hour east of our Hattiesburg office."
"https://southeastroofing.llc/service-areas/pascagoula",200,"https://southeastroofing.llc/service-areas/pascagoula",0,"https://southeastroofing.llc/service-areas/pascagoula",yes,"none","none",1,yes,"Roofing Contractor in Pascagoula; MS | Southeast Roofing","Roof replacement and repair in Pascagoula; MS — the Jackson County seat and shipbuilding city; with residential and commercial roofing built for Gulf-front wind."
"https://southeastroofing.llc/service-areas/crystal-springs",200,"https://southeastroofing.llc/service-areas/crystal-springs",0,"https://southeastroofing.llc/service-areas/crystal-springs",yes,"none","none",1,yes,"Roofing Contractor in Crystal Springs; MS | Southeast Roofing","Roof replacement; repair; and storm response in Crystal Springs; MS — GAF-certified roofing for Copiah County along the I-55 corridor."
"https://southeastroofing.llc/learn/materials/architectural-vs-3-tab-shingles",200,"https://southeastroofing.llc/learn/materials/architectural-vs-3-tab-shingles",0,"https://southeastroofing.llc/learn/materials/architectural-vs-3-tab-shingles",yes,"none","none",1,yes,"Architectural vs 3-Tab Shingles | Southeast Roofing Learning Center","The real differences between 3-tab and architectural shingles — wind ratings; lifespan; looks; and cost — explained by a GAF-certified Mississippi roofer; with GAF&#x27;s own comparison tools."
"https://southeastroofing.llc/learn/storm-prep/hurricane-season-roof-checklist",200,"https://southeastroofing.llc/learn/storm-prep/hurricane-season-roof-checklist",0,"https://southeastroofing.llc/learn/storm-prep/hurricane-season-roof-checklist",yes,"none","none",1,yes,"Hurricane Season Roof Checklist | Southeast Roofing Learning Center","What to check on your roof before June 1; what to do when a storm is named; and the first moves after it passes — a practical checklist from Mississippi roofers."
"https://southeastroofing.llc/learn/materials/parts-of-a-roof-explained",200,"https://southeastroofing.llc/learn/materials/parts-of-a-roof-explained",0,"https://southeastroofing.llc/learn/materials/parts-of-a-roof-explained",yes,"none","none",1,yes,"Parts of a Roof Explained | Southeast Roofing Learning Center","Decking; underlayment; ice and water shield; starter strip; shingles; ridge vent; flashing — every layer of a roof system explained with interactive diagrams."
"https://southeastroofing.llc/learn/metal-roofing/standing-seam-vs-exposed-fastener",200,"https://southeastroofing.llc/learn/metal-roofing/standing-seam-vs-exposed-fastener",0,"https://southeastroofing.llc/learn/metal-roofing/standing-seam-vs-exposed-fastener",yes,"none","none",1,yes,"Standing Seam vs Exposed Fastener Metal Roofing | Southeast Roofing","The two families of metal roofing compared honestly — cost; lifespan; maintenance; and where each one belongs; from crews that install both across South Mississippi."
"https://southeastroofing.llc/learn/insurance-claims/how-roof-insurance-claims-work-mississippi",200,"https://southeastroofing.llc/learn/insurance-claims/how-roof-insurance-claims-work-mississippi",0,"https://southeastroofing.llc/learn/insurance-claims/how-roof-insurance-claims-work-mississippi",yes,"none","none",1,yes,"How Roof Insurance Claims Work in Mississippi | Southeast Roofing","From storm to settled claim: documentation; adjuster meetings; wind deductibles; and where a roofing contractor legitimately helps — explained step by step."
"https://southeastroofing.llc/learn/commercial/tpo-epdm-coatings-flat-roof-guide",200,"https://southeastroofing.llc/learn/commercial/tpo-epdm-coatings-flat-roof-guide",0,"https://southeastroofing.llc/learn/commercial/tpo-epdm-coatings-flat-roof-guide",yes,"none","none",1,yes,"TPO vs EPDM vs Roof Coatings | Southeast Roofing Learning Center","The three moves available on an aging flat roof — TPO; EPDM; or a restorative coating — compared by cost logic; building type; and roof condition."
"https://southeastroofing.llc/learn/maintenance/ten-minute-roof-check",200,"https://southeastroofing.llc/learn/maintenance/ten-minute-roof-check",0,"https://southeastroofing.llc/learn/maintenance/ten-minute-roof-check",yes,"none","none",1,yes,"The 10-Minute Roof Check | Southeast Roofing Learning Center","A twice-a-year; feet-on-the-ground roof check that catches most problems early — what to look for outside; in the attic; and when to call a professional."
"https://southeastroofing.llc/learn/materials/metal-vs-asphalt-shingle-roofing",200,"https://southeastroofing.llc/learn/materials/metal-vs-asphalt-shingle-roofing",0,"https://southeastroofing.llc/learn/materials/metal-vs-asphalt-shingle-roofing",yes,"none","none",1,yes,"Metal vs Asphalt Shingle Roofing in Mississippi | Southeast Roofing","An honest comparison of metal and asphalt shingle roofing for South Mississippi homes — cost; lifespan; storm performance; and energy — from a GAF-certified roofer that installs both."
"https://southeastroofing.llc/learn/cost-guides/roof-replacement-cost-south-mississippi",200,"https://southeastroofing.llc/learn/cost-guides/roof-replacement-cost-south-mississippi",0,"https://southeastroofing.llc/learn/cost-guides/roof-replacement-cost-south-mississippi",yes,"none","none",1,yes,"Roof Replacement Cost in South Mississippi | Southeast Roofing","Honest roof replacement pricing for South Mississippi: what drives the number; a real itemized example; and why per-square teaser prices mislead."
"https://southeastroofing.llc/learn/cost-guides/roof-financing-options-mississippi",200,"https://southeastroofing.llc/learn/cost-guides/roof-financing-options-mississippi",0,"https://southeastroofing.llc/learn/cost-guides/roof-financing-options-mississippi",yes,"none","none",1,yes,"Roof Financing in Mississippi | $0-Down Options | Southeast Roofing","How to pay for a new roof in Mississippi — insurance; cash; and $0-down financing through our partner GoodLeap — plus honest ways to keep the total down."
"https://southeastroofing.llc/learn/hiring/how-to-choose-a-roofing-contractor",200,"https://southeastroofing.llc/learn/hiring/how-to-choose-a-roofing-contractor",0,"https://southeastroofing.llc/learn/hiring/how-to-choose-a-roofing-contractor",yes,"none","none",1,yes,"How to Choose a Roofing Contractor in Mississippi | Southeast Roofing","How to vet a roofer in Mississippi and steer clear of storm-chasing scams — license; insurance; local reputation; itemized proposals; and the red flags worth walking away from."
"https://southeastroofing.llc/learn/storm-prep/what-to-do-after-storm-damage",200,"https://southeastroofing.llc/learn/storm-prep/what-to-do-after-storm-damage",0,"https://southeastroofing.llc/learn/storm-prep/what-to-do-after-storm-damage",yes,"none","none",1,yes,"What to Do After Roof Storm Damage in Mississippi | Southeast Roofing","A step-by-step guide to the first hours and days after roof storm damage in Mississippi — staying safe; documenting damage; the insurance clock; and choosing the right roofer."
"https://southeastroofing.llc/learn/maintenance/how-long-does-a-roof-last",200,"https://southeastroofing.llc/learn/maintenance/how-long-does-a-roof-last",0,"https://southeastroofing.llc/learn/maintenance/how-long-does-a-roof-last",yes,"none","none",1,yes,"How Long Does a Roof Last in South Mississippi? | Southeast Roofing","Typical roof lifespans by material in South Mississippi — asphalt shingle; metal; and commercial systems — plus what actually shortens or extends the years you get."
"https://southeastroofing.llc/learn/maintenance/signs-you-need-a-new-roof",200,"https://southeastroofing.llc/learn/maintenance/signs-you-need-a-new-roof",0,"https://southeastroofing.llc/learn/maintenance/signs-you-need-a-new-roof",yes,"none","none",1,yes,"Signs You Need a New Roof | Southeast Roofing","The warning signs your roof is failing — from the attic; the ground; and after storms — and which ones mean &#x27;call now&#x27; versus &#x27;keep an eye on it.&#x27;"
"https://southeastroofing.llc/learn/commercial/commercial-roof-replacement-guide",200,"https://southeastroofing.llc/learn/commercial/commercial-roof-replacement-guide",0,"https://southeastroofing.llc/learn/commercial/commercial-roof-replacement-guide",yes,"none","none",1,yes,"Commercial Roof Replacement Guide for Building Owners | Southeast Roofing","What South Mississippi building owners should know before a commercial roof replacement — repair vs. restore vs. replace; choosing a system; minimizing disruption; and budgeting."
"https://southeastroofing.llc/learn/maintenance/roof-repair-vs-replacement",200,"https://southeastroofing.llc/learn/maintenance/roof-repair-vs-replacement",0,"https://southeastroofing.llc/learn/maintenance/roof-repair-vs-replacement",yes,"none","none",1,yes,"Roof Repair vs. Replacement: How to Decide | Southeast Roofing","How to tell whether your roof needs a repair or a full replacement — the signs for each; the gray areas; and the insurance timing — from a Hattiesburg roofer who&#x27;ll recommend the cheaper path when it&#x27;s enough."
"https://southeastroofing.llc/blog/new-website-real-photos-real-proposals",200,"https://southeastroofing.llc/blog/new-website-real-photos-real-proposals",0,"https://southeastroofing.llc/blog/new-website-real-photos-real-proposals",yes,"none","none",1,yes,"Our New Website | Southeast Roofing Blog","Southeast Roofing&#x27;s new site is live: a gallery of real completed roofs across South Mississippi; a real itemized proposal you can explore; and 31 community pages."
"https://southeastroofing.llc/projects/seamless-6-k-style-gutters-in-musket-brown-petal-ms-an5u",200,"https://southeastroofing.llc/projects/seamless-6-k-style-gutters-in-musket-brown-petal-ms-an5u",0,"https://southeastroofing.llc/projects/seamless-6-k-style-gutters-in-musket-brown-petal-ms-an5u",yes,"none","none",1,yes,"Seamless 6&quot; K-style Gutters in Musket Brown — Petal; MS","Residential Seamless 6&quot; K-style gutters in Petal; MS by Southeast Roofing."
"https://southeastroofing.llc/projects/gaf-timberline-hdz-shingle-roof-in-hickory-hattiesburg-ms-mder",200,"https://southeastroofing.llc/projects/gaf-timberline-hdz-shingle-roof-in-hickory-hattiesburg-ms-mder",0,"https://southeastroofing.llc/projects/gaf-timberline-hdz-shingle-roof-in-hickory-hattiesburg-ms-mder",yes,"none","none",1,yes,"GAF Timberline HDZ Shingle Roof in Hickory — Hattiesburg; MS","Residential GAF Timberline HDZ shingle roof in Hattiesburg; MS by Southeast Roofing."
"https://southeastroofing.llc/projects/29ga-gibraltar-rib-metal-roof-in-burgundy-hattiesburg-ms-tajr",200,"https://southeastroofing.llc/projects/29ga-gibraltar-rib-metal-roof-in-burgundy-hattiesburg-ms-tajr",0,"https://southeastroofing.llc/projects/29ga-gibraltar-rib-metal-roof-in-burgundy-hattiesburg-ms-tajr",yes,"none","none",1,yes,"29ga Gibraltar Rib Metal Roof in Burgundy — Hattiesburg; MS","Residential 29ga Gibraltar Rib metal roof in Hattiesburg; MS by Southeast Roofing."
